{"stats":{"minecraft:killed_by":{"minecraft:skeleton":1,"minecraft:zombie":2},"minecraft:crafted":{"minecraft:wooden_shovel":1,"minecraft:stone_shovel":1,"minecraft:iron_chestplate":1,"minecraft:crafting_table":1,"minecraft:stick":24,"minecraft:iron_ingot":13,"minecraft:wooden_pickaxe":1,"minecraft:stone_pickaxe":1,"minecraft:wooden_axe":1,"minecraft:stone_sword":1,"minecraft:furnace":2,"minecraft:bucket":1,"minecraft:torch":36,"minecraft:jungle_planks":68},"minecraft:mined":{"minecraft:iron_ore":14,"minecraft:jungle_leaves":3,"minecraft:crafting_table":2,"minecraft:short_grass":3,"minecraft:grass_block":4,"minecraft:coal_ore":37,"minecraft:melon":2,"minecraft:jungle_planks":1,"minecraft:vine":4,"minecraft:jungle_log":17,"minecraft:dirt":17,"minecraft:cobblestone":2,"minecraft:stone":96,"minecraft:fern":5},"minecraft:used":{"minecraft:wooden_axe":21,"minecraft:water_bucket":16,"minecraft:lava_bucket":19,"minecraft:stone_sword":55,"minecraft:melon_slice":4,"minecraft:stone_shovel":2,"minecraft:stone_pickaxe":109,"minecraft:wooden_pickaxe":43,"minecraft:wooden_shovel":18,"minecraft:iron_chestplate":1,"minecraft:torch":13,"minecraft:cobblestone":26,"minecraft:crafting_table":3,"minecraft:furnace":2,"minecraft:jungle_planks":1,"minecraft:bucket":35},"minecraft:dropped":{"minecraft:cocoa_beans":4,"minecraft:wooden_axe":1,"minecraft:wooden_shovel":1,"minecraft:wooden_pickaxe":1},"minecraft:picked_up":{"minecraft:cocoa_beans":4,"minecraft:raw_iron":14,"minecraft:crafting_table":2,"minecraft:jungle_log":17,"minecraft:torch":3,"minecraft:jungle_planks":52,"minecraft:dirt":20,"minecraft:stone_shovel":1,"minecraft:stone_sword":1,"minecraft:stone_pickaxe":1,"minecraft:melon_slice":14,"minecraft:coal":61,"minecraft:cobblestone":127,"minecraft:furnace":2},"minecraft:custom":{"minecraft:time_since_rest":291,"minecraft:interact_with_furnace":9,"minecraft:sprint_one_cm":63239,"minecraft:damage_taken":1010,"minecraft:walk_one_cm":127063,"minecraft:mob_kills":9,"minecraft:drop":4,"minecraft:damage_dealt":1572,"minecraft:swim_one_cm":7919,"minecraft:interact_with_crafting_table":7,"minecraft:fly_one_cm":42802,"minecraft:crouch_one_cm":72,"minecraft:play_time":40254,"minecraft:deaths":4,"minecraft:sneak_time":798,"minecraft:walk_under_water_one_cm":5726,"minecraft:jump":452,"minecraft:leave_game":2,"minecraft:time_since_death":253,"minecraft:walk_on_water_one_cm":13617,"minecraft:total_world_time":40254,"minecraft:climb_one_cm":819,"minecraft:fall_one_cm":5145},"minecraft:killed":{"minecraft:skeleton":1,"minecraft:zombie":6}},"DataVersion":3955}