{"stats":{"minecraft:used":{"minecraft:stone_sword":28,"minecraft:stone_pickaxe":211,"minecraft:stone_shovel":115,"minecraft:wooden_pickaxe":7,"minecraft:shield":15,"minecraft:sandstone":8,"minecraft:cooked_salmon":2,"minecraft:cooked_chicken":1,"minecraft:iron_chestplate":1,"minecraft:torch":56,"minecraft:dirt":4,"minecraft:sand":6,"minecraft:crafting_table":11,"minecraft:iron_pickaxe":36,"minecraft:iron_helmet":1,"minecraft:iron_boots":1,"minecraft:bamboo":1,"minecraft:stone_axe":121,"minecraft:cobblestone":50,"minecraft:furnace":7,"minecraft:cooked_porkchop":6,"minecraft:bucket":1,"minecraft:cooked_beef":2,"minecraft:cobbled_deepslate":2},"minecraft:dropped":{"minecraft:wheat_seeds":2,"minecraft:cooked_porkchop":4,"minecraft:iron_leggings":1,"minecraft:sand":1,"minecraft:stone_pickaxe":1},"minecraft:killed":{"minecraft:pig":4,"minecraft:zombie_villager":1,"minecraft:salmon":5,"minecraft:spider":3,"minecraft:skeleton":1,"minecraft:zombie":9,"minecraft:chicken":1,"minecraft:drowned":1,"minecraft:cow":1},"minecraft:broken":{"minecraft:stone_pickaxe":1,"minecraft:stone_axe":1},"minecraft:killed_by":{"minecraft:warden":6},"minecraft:crafted":{"minecraft:oak_planks":36,"minecraft:stone_shovel":1,"minecraft:cooked_porkchop":9,"minecraft:crafting_table":2,"minecraft:iron_helmet":1,"minecraft:wooden_pickaxe":1,"minecraft:cooked_chicken":1,"minecraft:furnace":3,"minecraft:cooked_salmon":7,"minecraft:bucket":1,"minecraft:stone_axe":2,"minecraft:air":0,"minecraft:jungle_planks":12,"minecraft:iron_boots":1,"minecraft:iron_chestplate":1,"minecraft:shield":1,"minecraft:stick":40,"minecraft:iron_ingot":31,"minecraft:iron_pickaxe":1,"minecraft:stone_pickaxe":3,"minecraft:stone_sword":1,"minecraft:iron_leggings":1,"minecraft:torch":44,"minecraft:shears":1},"minecraft:custom":{"minecraft:interact_with_furnace":47,"minecraft:mob_kills":27,"minecraft:animals_bred":1,"minecraft:interact_with_crafting_table":26,"minecraft:leave_game":21,"minecraft:time_since_death":4768,"minecraft:climb_one_cm":1403,"minecraft:time_since_rest":4810,"minecraft:sprint_one_cm":95574,"minecraft:damage_taken":3633,"minecraft:walk_one_cm":149128,"minecraft:damage_blocked_by_shield":341,"minecraft:drop":8,"minecraft:damage_dealt":4069,"minecraft:swim_one_cm":25039,"minecraft:fly_one_cm":179742,"minecraft:open_chest":1,"minecraft:play_time":97974,"minecraft:crouch_one_cm":96795,"minecraft:sneak_time":27012,"minecraft:deaths":10,"minecraft:walk_under_water_one_cm":6605,"minecraft:jump":1231,"minecraft:walk_on_water_one_cm":14461,"minecraft:total_world_time":97974,"minecraft:fall_one_cm":38053},"minecraft:mined":{"minecraft:sculk_vein":1,"minecraft:crafting_table":10,"minecraft:torch":1,"minecraft:granite":10,"minecraft:short_grass":10,"minecraft:grass_block":1,"minecraft:jungle_log":33,"minecraft:sculk_sensor":2,"minecraft:cobblestone":14,"minecraft:deepslate_gold_ore":1,"minecraft:sculk":114,"minecraft:sandstone":8,"minecraft:furnace":5,"minecraft:iron_ore":18,"minecraft:oak_log":25,"minecraft:coal_ore":67,"minecraft:deepslate_iron_ore":24,"minecraft:vine":4,"minecraft:cyan_carpet":1,"minecraft:sand":7,"minecraft:dirt":3,"minecraft:bamboo":7,"minecraft:stone":90,"minecraft:oak_leaves":1,"minecraft:deepslate":16,"minecraft:fern":1},"minecraft:picked_up":{"minecraft:cocoa_beans":10,"minecraft:crafting_table":10,"minecraft:feather":1,"minecraft:cooked_beef":2,"minecraft:chicken":1,"minecraft:salmon":7,"minecraft:jungle_log":32,"minecraft:oak_log":25,"minecraft:dirt":4,"minecraft:string":4,"minecraft:iron_leggings":2,"minecraft:bone":2,"minecraft:cyan_carpet":1,"minecraft:wheat_seeds":2,"minecraft:cobbled_deepslate":16,"minecraft:raw_gold":1,"minecraft:iron_ingot":3,"minecraft:beef":2,"minecraft:stone_pickaxe":1,"minecraft:bamboo":94,"minecraft:furnace":5,"minecraft:raw_iron":43,"minecraft:sandstone":8,"minecraft:cooked_porkchop":1,"minecraft:torch":14,"minecraft:porkchop":9,"minecraft:sand":18,"minecraft:carrot":1,"minecraft:spider_eye":1,"minecraft:rotten_flesh":9,"minecraft:arrow":3,"minecraft:granite":10,"minecraft:coal":115,"minecraft:cobblestone":96}},"DataVersion":3955}