{"stats":{"minecraft:mined":{"minecraft:crafting_table":8,"minecraft:torch":1,"minecraft:granite":10,"minecraft:short_grass":10,"minecraft:grass_block":1,"minecraft:jungle_log":33,"minecraft:deepslate_gold_ore":1,"minecraft:sandstone":8,"minecraft:furnace":4,"minecraft:iron_ore":18,"minecraft:oak_log":25,"minecraft:coal_ore":67,"minecraft:deepslate_iron_ore":24,"minecraft:vine":4,"minecraft:sand":7,"minecraft:dirt":3,"minecraft:bamboo":7,"minecraft:stone":90,"minecraft:oak_leaves":1,"minecraft:deepslate":4,"minecraft:fern":1},"minecraft:custom":{"minecraft:interact_with_furnace":42,"minecraft:mob_kills":24,"minecraft:animals_bred":1,"minecraft:interact_with_crafting_table":23,"minecraft:leave_game":3,"minecraft:time_since_death":50093,"minecraft:climb_one_cm":1351,"minecraft:time_since_rest":50093,"minecraft:sprint_one_cm":86834,"minecraft:damage_taken":662,"minecraft:walk_one_cm":124437,"minecraft:damage_blocked_by_shield":266,"minecraft:drop":6,"minecraft:damage_dealt":3457,"minecraft:swim_one_cm":25039,"minecraft:fly_one_cm":157998,"minecraft:crouch_one_cm":10308,"minecraft:play_time":50093,"minecraft:sneak_time":2709,"minecraft:walk_under_water_one_cm":6365,"minecraft:jump":870,"minecraft:walk_on_water_one_cm":9362,"minecraft:total_world_time":50093,"minecraft:fall_one_cm":25297},"minecraft:picked_up":{"minecraft:cocoa_beans":10,"minecraft:crafting_table":8,"minecraft:feather":1,"minecraft:cooked_beef":2,"minecraft:chicken":1,"minecraft:salmon":7,"minecraft:jungle_log":32,"minecraft:oak_log":25,"minecraft:dirt":4,"minecraft:string":4,"minecraft:bone":1,"minecraft:wheat_seeds":2,"minecraft:cobbled_deepslate":4,"minecraft:raw_gold":1,"minecraft:beef":2,"minecraft:stone_pickaxe":1,"minecraft:bamboo":94,"minecraft:furnace":4,"minecraft:raw_iron":43,"minecraft:sandstone":8,"minecraft:cooked_porkchop":1,"minecraft:torch":14,"minecraft:porkchop":9,"minecraft:sand":18,"minecraft:carrot":1,"minecraft:spider_eye":1,"minecraft:rotten_flesh":7,"minecraft:arrow":2,"minecraft:granite":10,"minecraft:coal":72,"minecraft:cobblestone":82},"minecraft:crafted":{"minecraft:oak_planks":36,"minecraft:cooked_porkchop":9,"minecraft:crafting_table":2,"minecraft:iron_helmet":1,"minecraft:wooden_pickaxe":1,"minecraft:cooked_chicken":1,"minecraft:furnace":2,"minecraft:cooked_salmon":7,"minecraft:stone_axe":2,"minecraft:air":0,"minecraft:jungle_planks":12,"minecraft:iron_boots":1,"minecraft:iron_chestplate":1,"minecraft:shield":1,"minecraft:stick":40,"minecraft:iron_ingot":29,"minecraft:iron_pickaxe":1,"minecraft:stone_pickaxe":3,"minecraft:stone_sword":1,"minecraft:iron_leggings":1,"minecraft:torch":44},"minecraft:broken":{"minecraft:stone_pickaxe":1,"minecraft:stone_axe":1},"minecraft:used":{"minecraft:stone_sword":17,"minecraft:stone_pickaxe":211,"minecraft:wooden_pickaxe":7,"minecraft:shield":12,"minecraft:sandstone":8,"minecraft:cooked_chicken":1,"minecraft:iron_chestplate":1,"minecraft:torch":53,"minecraft:dirt":4,"minecraft:sand":6,"minecraft:crafting_table":9,"minecraft:iron_pickaxe":9,"minecraft:iron_helmet":1,"minecraft:iron_boots":1,"minecraft:bamboo":1,"minecraft:stone_axe":119,"minecraft:cobblestone":19,"minecraft:furnace":6,"minecraft:cooked_porkchop":6,"minecraft:cooked_beef":2},"minecraft:dropped":{"minecraft:cooked_porkchop":4,"minecraft:sand":1,"minecraft:stone_pickaxe":1},"minecraft:killed":{"minecraft:pig":4,"minecraft:zombie_villager":1,"minecraft:salmon":5,"minecraft:spider":3,"minecraft:zombie":7,"minecraft:chicken":1,"minecraft:drowned":1,"minecraft:cow":1}},"DataVersion":3955}