{"stats":{"minecraft:mined":{"minecraft:deepslate_redstone_ore":26,"minecraft:tuff":13,"minecraft:flowering_azalea":3,"minecraft:deepslate_diamond_ore":15,"minecraft:sculk_vein":8,"minecraft:jungle_leaves":2,"minecraft:clay":1,"minecraft:crafting_table":1,"minecraft:granite":2,"minecraft:short_grass":7,"minecraft:grass_block":5,"minecraft:melon":27,"minecraft:jungle_log":11,"minecraft:sculk_sensor":11,"minecraft:tall_grass":1,"minecraft:cobblestone":18,"minecraft:deepslate_gold_ore":15,"minecraft:sugar_cane":2,"minecraft:sculk":471,"minecraft:wall_torch":1,"minecraft:sculk_catalyst":6,"minecraft:furnace":4,"minecraft:iron_ore":35,"minecraft:andesite":1,"minecraft:deepslate_lapis_ore":12,"minecraft:oak_log":4,"minecraft:coal_ore":79,"minecraft:cocoa":1,"minecraft:deepslate_iron_ore":17,"minecraft:vine":3,"minecraft:sand":11,"minecraft:dirt":6,"minecraft:bamboo":2,"minecraft:stone":165,"minecraft:gold_ore":1,"minecraft:white_wool":1,"minecraft:oak_leaves":2,"minecraft:deepslate":41,"minecraft:fern":5},"minecraft:custom":{"minecraft:interact_with_furnace":48,"minecraft:mob_kills":31,"minecraft:interact_with_crafting_table":16,"minecraft:leave_game":5,"minecraft:time_since_death":42503,"minecraft:climb_one_cm":1102,"minecraft:time_since_rest":42535,"minecraft:sprint_one_cm":164268,"minecraft:damage_taken":1435,"minecraft:walk_one_cm":208147,"minecraft:damage_blocked_by_shield":30,"minecraft:drop":14,"minecraft:damage_dealt":3266,"minecraft:swim_one_cm":40971,"minecraft:fly_one_cm":250380,"minecraft:play_time":99396,"minecraft:crouch_one_cm":73920,"minecraft:sneak_time":17186,"minecraft:deaths":2,"minecraft:walk_under_water_one_cm":17710,"minecraft:jump":1128,"minecraft:walk_on_water_one_cm":11459,"minecraft:total_world_time":99396,"minecraft:fall_one_cm":36902},"minecraft:picked_up":{"minecraft:cocoa_beans":1,"minecraft:crafting_table":1,"minecraft:feather":7,"minecraft:chicken":6,"minecraft:andesite":1,"minecraft:clay_ball":8,"minecraft:salmon":2,"minecraft:jungle_log":15,"minecraft:wooden_pickaxe":2,"minecraft:tuff":13,"minecraft:oak_log":8,"minecraft:gunpowder":2,"minecraft:lapis_lazuli":73,"minecraft:dirt":83,"minecraft:bone":23,"minecraft:wheat_seeds":1,"minecraft:cobbled_deepslate":41,"minecraft:raw_gold":16,"minecraft:iron_ingot":12,"minecraft:stone_pickaxe":1,"minecraft:bamboo":75,"minecraft:melon_slice":187,"minecraft:sugar_cane":6,"minecraft:flowering_azalea":6,"minecraft:furnace":4,"minecraft:stick":41,"minecraft:raw_iron":67,"minecraft:cooked_porkchop":4,"minecraft:torch":1,"minecraft:sand":22,"minecraft:jungle_planks":13,"minecraft:redstone":116,"minecraft:spider_eye":1,"minecraft:arrow":9,"minecraft:rotten_flesh":8,"minecraft:diamond":15,"minecraft:tropical_fish":2,"minecraft:stone_axe":1,"minecraft:granite":2,"minecraft:oak_sapling":2,"minecraft:mutton":12,"minecraft:cod":3,"minecraft:coal":186,"minecraft:white_wool":7,"minecraft:cobblestone":351},"minecraft:crafted":{"minecraft:smooth_stone":6,"minecraft:oak_planks":16,"minecraft:crafting_table":2,"minecraft:wooden_pickaxe":1,"minecraft:iron_sword":1,"minecraft:furnace":2,"minecraft:stone":6,"minecraft:bucket":2,"minecraft:stone_axe":1,"minecraft:air":0,"minecraft:jungle_planks":28,"minecraft:iron_chestplate":1,"minecraft:shield":1,"minecraft:stick":32,"minecraft:iron_ingot":43,"minecraft:iron_pickaxe":2,"minecraft:stone_pickaxe":3,"minecraft:stone_sword":1,"minecraft:iron_leggings":1,"minecraft:torch":44},"minecraft:broken":{"minecraft:stone_pickaxe":2},"minecraft:used":{"minecraft:water_bucket":1,"minecraft:stone_sword":52,"minecraft:tropical_fish":2,"minecraft:stone_pickaxe":262,"minecraft:wooden_pickaxe":17,"minecraft:shield":1,"minecraft:iron_sword":17,"minecraft:iron_chestplate":1,"minecraft:white_wool":1,"minecraft:torch":14,"minecraft:dirt":10,"minecraft:crafting_table":3,"minecraft:cod":3,"minecraft:granite":2,"minecraft:tuff":13,"minecraft:chicken":2,"minecraft:melon_slice":44,"minecraft:iron_pickaxe":214,"minecraft:stone_axe":43,"minecraft:cobblestone":68,"minecraft:furnace":4,"minecraft:cooked_porkchop":3,"minecraft:bucket":3,"minecraft:andesite":1,"minecraft:iron_leggings":1},"minecraft:dropped":{"minecraft:sugar_cane":2,"minecraft:wheat_seeds":1,"minecraft:cobbled_deepslate":2,"minecraft:feather":3,"minecraft:rotten_flesh":7,"minecraft:clay_ball":4,"minecraft:jungle_planks":1,"minecraft:gunpowder":1,"minecraft:oak_sapling":1,"minecraft:wooden_pickaxe":1,"minecraft:stone_pickaxe":1},"minecraft:killed":{"minecraft:zombie_villager":1,"minecraft:salmon":5,"minecraft:spider":2,"minecraft:cod":3,"minecraft:creeper":2,"minecraft:skeleton":4,"minecraft:sheep":3,"minecraft:zombie":5,"minecraft:chicken":4,"minecraft:tropical_fish":2}},"DataVersion":3955}