{"stats":{"minecraft:used":{"minecraft:stone_sword":52,"minecraft:tropical_fish":2,"minecraft:shield":1,"minecraft:iron_sword":18,"minecraft:sculk":1,"minecraft:iron_chestplate":1,"minecraft:torch":15,"minecraft:dirt":10,"minecraft:tuff":13,"minecraft:granite":2,"minecraft:lava_bucket":3,"minecraft:furnace":4,"minecraft:iron_leggings":1,"minecraft:water_bucket":8,"minecraft:stone_pickaxe":262,"minecraft:wooden_pickaxe":17,"minecraft:white_wool":1,"minecraft:crafting_table":4,"minecraft:blast_furnace":1,"minecraft:cod":3,"minecraft:shears":158,"minecraft:chicken":2,"minecraft:melon_slice":54,"minecraft:iron_pickaxe":257,"minecraft:stone_axe":54,"minecraft:cobblestone":83,"minecraft:cooked_porkchop":3,"minecraft:bucket":13,"minecraft:andesite":1,"minecraft:gray_wool":24},"minecraft:dropped":{"minecraft:wheat_seeds":1,"minecraft:crafting_table":1,"minecraft:feather":3,"minecraft:jungle_planks":1,"minecraft:iron_leggings":2,"minecraft:flowering_azalea":3,"minecraft:sugar_cane":2,"minecraft:cobbled_deepslate":2,"minecraft:rotten_flesh":7,"minecraft:clay_ball":4,"minecraft:gunpowder":1,"minecraft:oak_sapling":1,"minecraft:wooden_pickaxe":1,"minecraft:stone_pickaxe":1},"minecraft:broken":{"minecraft:stone_pickaxe":2,"minecraft:iron_pickaxe":1},"minecraft:killed":{"minecraft:spider":2,"minecraft:cod":3,"minecraft:skeleton":4,"minecraft:chicken":4,"minecraft:tropical_fish":2,"minecraft:zombie_villager":1,"minecraft:salmon":5,"minecraft:creeper":2,"minecraft:sheep":3,"minecraft:zombie":6},"minecraft:custom":{"minecraft:mob_kills":32,"minecraft:interact_with_crafting_table":18,"minecraft:leave_game":13,"minecraft:time_since_death":70503,"minecraft:climb_one_cm":1102,"minecraft:sprint_one_cm":194819,"minecraft:walk_one_cm":255478,"minecraft:damage_blocked_by_shield":30,"minecraft:drop":18,"minecraft:play_time":127396,"minecraft:deaths":2,"minecraft:sneak_time":31515,"minecraft:walk_under_water_one_cm":17925,"minecraft:jump":1375,"minecraft:interact_with_blast_furnace":5,"minecraft:walk_on_water_one_cm":13041,"minecraft:total_world_time":127396,"minecraft:interact_with_furnace":65,"minecraft:time_since_rest":70535,"minecraft:damage_taken":1608,"minecraft:damage_dealt":3307,"minecraft:swim_one_cm":40971,"minecraft:fly_one_cm":274051,"minecraft:open_chest":7,"minecraft:crouch_one_cm":149842,"minecraft:fall_one_cm":45323},"minecraft:crafted":{"minecraft:smooth_stone":6,"minecraft:oak_planks":16,"minecraft:furnace":2,"minecraft:blast_furnace":2,"minecraft:stone":6,"minecraft:cooked_mutton":5,"minecraft:stone_pickaxe":3,"minecraft:crafting_table":2,"minecraft:wooden_pickaxe":1,"minecraft:iron_sword":1,"minecraft:bucket":2,"minecraft:stone_axe":1,"minecraft:air":0,"minecraft:jungle_planks":28,"minecraft:iron_chestplate":1,"minecraft:shield":1,"minecraft:stick":32,"minecraft:iron_ingot":48,"minecraft:iron_pickaxe":2,"minecraft:stone_sword":1,"minecraft:iron_leggings":1,"minecraft:white_bed":1,"minecraft:torch":44,"minecraft:shears":1},"minecraft:mined":{"minecraft:tuff":13,"minecraft:deepslate_diamond_ore":17,"minecraft:sculk_vein":11,"minecraft:jungle_leaves":2,"minecraft:granite":2,"minecraft:grass_block":5,"minecraft:jungle_log":11,"minecraft:sculk_catalyst":7,"minecraft:furnace":6,"minecraft:iron_ore":35,"minecraft:andesite":1,"minecraft:deepslate_lapis_ore":12,"minecraft:sculk_shrieker":1,"minecraft:deepslate_iron_ore":17,"minecraft:vine":3,"minecraft:bamboo":2,"minecraft:stone":165,"minecraft:white_wool":1,"minecraft:deepslate_redstone_ore":26,"minecraft:flowering_azalea":3,"minecraft:clay":1,"minecraft:crafting_table":3,"minecraft:short_grass":7,"minecraft:blast_furnace":1,"minecraft:melon":27,"minecraft:sculk_sensor":21,"minecraft:tall_grass":1,"minecraft:cobblestone":18,"minecraft:deepslate_gold_ore":27,"minecraft:sugar_cane":2,"minecraft:sculk":822,"minecraft:wall_torch":1,"minecraft:gray_wool":162,"minecraft:oak_log":4,"minecraft:coal_ore":79,"minecraft:cocoa":1,"minecraft:gravel":1,"minecraft:sand":11,"minecraft:dirt":6,"minecraft:gold_ore":1,"minecraft:oak_leaves":2,"minecraft:deepslate":55,"minecraft:fern":5},"minecraft:picked_up":{"minecraft:cocoa_beans":1,"minecraft:crafting_table":3,"minecraft:chicken":6,"minecraft:clay_ball":8,"minecraft:wooden_pickaxe":2,"minecraft:cobbled_deepslate":52,"minecraft:melon_slice":187,"minecraft:sugar_cane":6,"minecraft:furnace":6,"minecraft:raw_iron":70,"minecraft:stick":41,"minecraft:torch":1,"minecraft:redstone":116,"minecraft:rotten_flesh":8,"minecraft:arrow":9,"minecraft:tropical_fish":2,"minecraft:mutton":12,"minecraft:cod":3,"minecraft:white_wool":7,"minecraft:cobblestone":351,"minecraft:feather":7,"minecraft:jungle_log":15,"minecraft:salmon":2,"minecraft:andesite":1,"minecraft:tuff":13,"minecraft:oak_log":8,"minecraft:gunpowder":2,"minecraft:lapis_lazuli":73,"minecraft:dirt":83,"minecraft:cooked_mutton":1,"minecraft:bone":23,"minecraft:wheat_seeds":1,"minecraft:raw_gold":28,"minecraft:stone_pickaxe":1,"minecraft:iron_ingot":13,"minecraft:bamboo":75,"minecraft:flowering_azalea":6,"minecraft:cooked_porkchop":4,"minecraft:gravel":1,"minecraft:jungle_planks":13,"minecraft:sand":22,"minecraft:blast_furnace":1,"minecraft:spider_eye":1,"minecraft:diamond":17,"minecraft:stone_axe":1,"minecraft:granite":2,"minecraft:gray_wool":149,"minecraft:oak_sapling":2,"minecraft:coal":245}},"DataVersion":3955}