{"stats":{"minecraft:mined":{"minecraft:deepslate_redstone_ore":26,"minecraft:tuff":13,"minecraft:flowering_azalea":3,"minecraft:deepslate_diamond_ore":17,"minecraft:sculk_vein":9,"minecraft:jungle_leaves":2,"minecraft:clay":1,"minecraft:crafting_table":3,"minecraft:granite":2,"minecraft:short_grass":7,"minecraft:blast_furnace":1,"minecraft:grass_block":5,"minecraft:melon":27,"minecraft:jungle_log":11,"minecraft:sculk_sensor":16,"minecraft:tall_grass":1,"minecraft:cobblestone":18,"minecraft:deepslate_gold_ore":26,"minecraft:sugar_cane":2,"minecraft:sculk":754,"minecraft:wall_torch":1,"minecraft:sculk_catalyst":6,"minecraft:furnace":6,"minecraft:iron_ore":35,"minecraft:andesite":1,"minecraft:deepslate_lapis_ore":12,"minecraft:oak_log":4,"minecraft:coal_ore":79,"minecraft:cocoa":1,"minecraft:deepslate_iron_ore":17,"minecraft:vine":3,"minecraft:gravel":1,"minecraft:sand":11,"minecraft:dirt":6,"minecraft:bamboo":2,"minecraft:stone":165,"minecraft:gold_ore":1,"minecraft:white_wool":1,"minecraft:oak_leaves":2,"minecraft:deepslate":53,"minecraft:fern":5},"minecraft:custom":{"minecraft:interact_with_furnace":65,"minecraft:mob_kills":32,"minecraft:interact_with_crafting_table":18,"minecraft:leave_game":5,"minecraft:time_since_death":54503,"minecraft:climb_one_cm":1102,"minecraft:time_since_rest":54535,"minecraft:sprint_one_cm":186529,"minecraft:damage_taken":1537,"minecraft:walk_one_cm":238504,"minecraft:damage_blocked_by_shield":30,"minecraft:drop":14,"minecraft:damage_dealt":3307,"minecraft:swim_one_cm":40971,"minecraft:fly_one_cm":268018,"minecraft:play_time":111396,"minecraft:crouch_one_cm":99929,"minecraft:sneak_time":21868,"minecraft:deaths":2,"minecraft:walk_under_water_one_cm":17710,"minecraft:jump":1277,"minecraft:interact_with_blast_furnace":5,"minecraft:walk_on_water_one_cm":12227,"minecraft:total_world_time":111396,"minecraft:fall_one_cm":39911},"minecraft:picked_up":{"minecraft:cocoa_beans":1,"minecraft:crafting_table":3,"minecraft:feather":7,"minecraft:chicken":6,"minecraft:andesite":1,"minecraft:clay_ball":8,"minecraft:salmon":2,"minecraft:jungle_log":15,"minecraft:wooden_pickaxe":2,"minecraft:tuff":13,"minecraft:oak_log":8,"minecraft:gunpowder":2,"minecraft:lapis_lazuli":73,"minecraft:dirt":83,"minecraft:cooked_mutton":1,"minecraft:bone":23,"minecraft:wheat_seeds":1,"minecraft:cobbled_deepslate":50,"minecraft:raw_gold":27,"minecraft:iron_ingot":13,"minecraft:stone_pickaxe":1,"minecraft:bamboo":75,"minecraft:melon_slice":187,"minecraft:sugar_cane":6,"minecraft:flowering_azalea":6,"minecraft:furnace":6,"minecraft:stick":41,"minecraft:raw_iron":70,"minecraft:cooked_porkchop":4,"minecraft:torch":1,"minecraft:gravel":1,"minecraft:sand":22,"minecraft:jungle_planks":13,"minecraft:blast_furnace":1,"minecraft:redstone":116,"minecraft:spider_eye":1,"minecraft:arrow":9,"minecraft:rotten_flesh":8,"minecraft:diamond":17,"minecraft:tropical_fish":2,"minecraft:stone_axe":1,"minecraft:granite":2,"minecraft:oak_sapling":2,"minecraft:mutton":12,"minecraft:cod":3,"minecraft:coal":245,"minecraft:white_wool":7,"minecraft:cobblestone":351},"minecraft:crafted":{"minecraft:smooth_stone":6,"minecraft:oak_planks":16,"minecraft:crafting_table":2,"minecraft:wooden_pickaxe":1,"minecraft:iron_sword":1,"minecraft:furnace":2,"minecraft:blast_furnace":2,"minecraft:stone":6,"minecraft:bucket":2,"minecraft:stone_axe":1,"minecraft:cooked_mutton":5,"minecraft:air":0,"minecraft:jungle_planks":28,"minecraft:iron_chestplate":1,"minecraft:shield":1,"minecraft:stick":32,"minecraft:iron_ingot":48,"minecraft:iron_pickaxe":2,"minecraft:stone_pickaxe":3,"minecraft:stone_sword":1,"minecraft:white_bed":1,"minecraft:iron_leggings":1,"minecraft:torch":44},"minecraft:broken":{"minecraft:stone_pickaxe":2,"minecraft:iron_pickaxe":1},"minecraft:used":{"minecraft:water_bucket":5,"minecraft:stone_sword":52,"minecraft:tropical_fish":2,"minecraft:stone_pickaxe":262,"minecraft:wooden_pickaxe":17,"minecraft:shield":1,"minecraft:iron_sword":18,"minecraft:iron_chestplate":1,"minecraft:white_wool":1,"minecraft:torch":15,"minecraft:dirt":10,"minecraft:crafting_table":4,"minecraft:blast_furnace":1,"minecraft:cod":3,"minecraft:granite":2,"minecraft:tuff":13,"minecraft:lava_bucket":3,"minecraft:chicken":2,"minecraft:melon_slice":54,"minecraft:iron_pickaxe":250,"minecraft:stone_axe":54,"minecraft:cobblestone":76,"minecraft:furnace":4,"minecraft:cooked_porkchop":3,"minecraft:bucket":10,"minecraft:andesite":1,"minecraft:iron_leggings":1},"minecraft:dropped":{"minecraft:sugar_cane":2,"minecraft:wheat_seeds":1,"minecraft:cobbled_deepslate":2,"minecraft:feather":3,"minecraft:rotten_flesh":7,"minecraft:clay_ball":4,"minecraft:jungle_planks":1,"minecraft:gunpowder":1,"minecraft:oak_sapling":1,"minecraft:wooden_pickaxe":1,"minecraft:stone_pickaxe":1},"minecraft:killed":{"minecraft:zombie_villager":1,"minecraft:salmon":5,"minecraft:spider":2,"minecraft:cod":3,"minecraft:creeper":2,"minecraft:skeleton":4,"minecraft:sheep":3,"minecraft:zombie":6,"minecraft:chicken":4,"minecraft:tropical_fish":2}},"DataVersion":3955}